{"cameraMode":{"drawMode":0,"name":"Shaded","section":"Shading Mode"},"sceneLighting":true,"audioPlay":false,"sceneViewState":{"showFog":true,"showMaterialUpdate":false,"showSkybox":true,"showFlares":true,"showImageEffects":true,"showParticleSystems":true},"in2DMode":false,"pivot":{"x":401.18389892578127,"y":-4.523773193359375,"z":211.2381591796875},"rotation":{"x":0.33930066227912905,"y":0.09431101381778717,"z":-0.03422968089580536,"w":0.9353238940238953},"size":592.7945556640625,"orthographic":false}