{"cameraMode":{"drawMode":0,"name":"Shaded","section":"Shading Mode"},"sceneLighting":true,"audioPlay":false,"sceneViewState":{"showFog":false,"showMaterialUpdate":false,"showSkybox":false,"showFlares":false,"showImageEffects":false,"showParticleSystems":false},"in2DMode":false,"pivot":{"x":15.288131713867188,"y":-11.710220336914063,"z":-9.815536499023438},"rotation":{"x":0.14416822791099549,"y":0.7860114574432373,"z":-0.19986476004123689,"w":0.5669739246368408},"size":221.46575927734376,"orthographic":true}